수집연월,시군구명,행정동명,상권업종대분류명,상권업종중분류명,상권업종소분류명,상가업소번호,위도,경도
0,강남구,역삼1동,금융,은행,지점,1001,37.4996,127.0364
0,강남구,역삼1동,증권,증권중개,브로커리지,1002,37.5001,127.0340
0,서초구,서초1동,보험,손해보험,영업소,1003,37.4924,127.0079
0,송파구,잠실본동,금융,은행,지점,1004,37.5053,127.0850
0,마포구,합정동,증권,투자은행,영업소,1005,37.5499,126.9140
0,용산구,이태원1동,보험,생명보험,지점,1006,37.5347,126.9946
1,강남구,역삼1동,금융,은행,지점,2001,37.4998,127.0366
1,강남구,역삼1동,증권,증권중개,브로커리지,2002,37.5002,127.0342
1,서초구,서초1동,보험,손해보험,영업소,2003,37.4926,127.0081
1,송파구,잠실본동,금융,은행,지점,2004,37.5055,127.0852
1,마포구,합정동,증권,투자은행,영업소,2005,37.5501,126.9142
1,용산구,이태원1동,보험,생명보험,지점,2006,37.5349,126.9948
2,강남구,역삼1동,금융,은행,지점,3001,37.4999,127.0368
2,강남구,역삼1동,증권,증권중개,브로커리지,3002,37.5003,127.0344
2,서초구,서초1동,보험,손해보험,영업소,3003,37.4928,127.0083
2,송파구,잠실본동,금융,은행,지점,3004,37.5057,127.0854
2,마포구,합정동,증권,투자은행,영업소,3005,37.5503,126.9144
2,용산구,이태원1동,보험,생명보험,지점,3006,37.5351,126.9950
3,강남구,역삼1동,금융,은행,지점,4001,37.5000,127.0370
3,강남구,역삼1동,증권,증권중개,브로커리지,4002,37.5004,127.0346
3,서초구,서초1동,보험,손해보험,영업소,4003,37.4930,127.0085
3,송파구,잠실본동,금융,은행,지점,4004,37.5059,127.0856
3,마포구,합정동,증권,투자은행,영업소,4005,37.5505,126.9146
3,용산구,이태원1동,보험,생명보험,지점,4006,37.5353,126.9952
4,강남구,역삼1동,금융,은행,지점,5001,37.5002,127.0372
4,강남구,역삼1동,증권,증권중개,브로커리지,5002,37.5006,127.0348
4,서초구,서초1동,보험,손해보험,영업소,5003,37.4932,127.0087
4,송파구,잠실본동,금융,은행,지점,5004,37.5061,127.0858
4,마포구,합정동,증권,투자은행,영업소,5005,37.5507,126.9148
4,용산구,이태원1동,보험,생명보험,지점,5006,37.5355,126.9954
