Company,Sector,Credit_Rating,Revenue,Profit,Debt,Assets
AlphaTech,Technology,A,1200,180,300,2500
BetaBank,Financials,AA,2400,350,1200,8000
GammaRetail,Consumer,BBB,800,60,200,1500
DeltaEnergy,Energy,A,1800,220,700,5000
EpsilonHealth,Healthcare,AA,1500,210,400,3200
ZetaAuto,Consumer,BB,900,55,350,2200
EtaTelecom,Communication,A,1100,140,450,2700
ThetaUtilities,Utilities,AA,700,90,150,1800
IotaInsure,Financials,A,1300,170,600,4000
KappaMedia,Communication,BBB,600,45,180,1400
LambdaFoods,Consumer,A,1000,130,220,2000
MuPharma,Healthcare,AAA,2100,400,300,6000
NuLogistics,Industrials,BBB,950,75,260,2300
XiSteel,Materials,BB,850,50,500,2800
OmicronRealty,RealEstate,A,1400,160,900,5200
PiAir,Industrials,AA,1600,190,800,5400
RhoSoft,Technology,AAA,2000,420,250,4800
SigmaBank,Financials,AAA,2600,380,1100,9000
TauEnergy,Energy,BBB,1300,120,750,4500
UpsilonHealth,Healthcare,BBB,1200,150,420,3000
