Liquidity_Ratio,Leverage_Ratio,Profit_Margin,Asset_Turnover,Risk
2.6,0.22,0.15,0.78,Conservative
2.1,0.31,0.12,0.61,Conservative
2.8,0.18,0.14,0.82,Conservative
2.4,0.27,0.11,0.69,Conservative
2.7,0.25,0.13,0.75,Conservative
2.2,0.33,0.10,0.66,Conservative
2.9,0.20,0.16,0.88,Conservative
2.5,0.30,0.09,0.72,Conservative
2.3,0.28,0.13,0.70,Conservative
2.0,0.35,0.08,0.55,Conservative
2.4,0.26,0.12,0.77,Conservative
2.7,0.24,0.17,0.90,Conservative
2.1,0.32,0.10,0.60,Conservative
2.6,0.21,0.14,0.86,Conservative
2.3,0.29,0.11,0.73,Conservative
2.8,0.19,0.16,0.84,Conservative
2.0,0.34,0.09,0.58,Conservative
2.5,0.27,0.13,0.76,Conservative
2.9,0.23,0.15,0.89,Conservative
2.2,0.31,0.12,0.67,Conservative
1.8,0.55,0.09,0.90,Moderate
1.5,0.62,0.08,0.85,Moderate
1.7,0.48,0.10,0.78,Moderate
1.9,0.52,0.11,0.92,Moderate
1.6,0.60,0.07,0.80,Moderate
2.0,0.45,0.12,0.88,Moderate
1.4,0.70,0.06,0.75,Moderate
1.3,0.65,0.05,0.70,Moderate
1.8,0.50,0.11,0.99,Moderate
1.7,0.58,0.09,1.05,Moderate
1.9,0.47,0.10,0.95,Moderate
1.2,0.68,0.06,0.72,Moderate
1.6,0.63,0.08,0.85,Moderate
2.1,0.40,0.12,1.08,Moderate
1.5,0.66,0.07,0.77,Moderate
1.8,0.53,0.09,0.93,Moderate
1.7,0.57,0.10,1.02,Moderate
1.4,0.69,0.05,0.74,Moderate
2.0,0.42,0.11,1.10,Moderate
1.3,0.67,0.06,0.71,Moderate
1.1,0.95,0.04,1.20,Aggressive
1.3,0.88,0.05,1.15,Aggressive
0.9,1.05,0.03,1.30,Aggressive
1.2,0.92,0.04,1.25,Aggressive
1.0,1.10,0.06,1.18,Aggressive
0.8,1.15,0.02,1.40,Aggressive
1.4,0.85,0.07,1.10,Aggressive
1.1,0.98,0.05,1.22,Aggressive
0.95,1.08,0.04,1.35,Aggressive
1.3,0.90,0.06,1.12,Aggressive
1.2,0.96,0.05,1.28,Aggressive
0.85,1.12,0.03,1.38,Aggressive
1.0,1.18,0.04,1.44,Aggressive
1.5,0.82,0.08,1.05,Aggressive
0.9,1.06,0.03,1.33,Aggressive
1.2,0.93,0.06,1.20,Aggressive
1.1,0.97,0.05,1.26,Aggressive
0.87,1.14,0.03,1.42,Aggressive
1.0,1.16,0.04,1.36,Aggressive
1.4,0.89,0.07,1.08,Aggressive
