weekday,gender,amount
Mon,M,42.5
Mon,F,38.0
Mon,M,51.2
Mon,F,46.8
Tue,M,39.5
Tue,F,44.1
Tue,M,58.0
Tue,F,36.9
Wed,M,62.3
Wed,F,55.7
Wed,M,48.2
Wed,F,50.6
Thu,M,41.9
Thu,F,45.2
Thu,M,53.8
Thu,F,47.1
Fri,M,70.5
Fri,F,62.0
Fri,M,68.3
Fri,F,59.7
Sat,M,75.1
Sat,F,72.4
Sat,M,80.2
Sat,F,76.0
Sun,M,60.4
Sun,F,57.8
Sun,M,65.0
Sun,F,63.2
Mon,M,49.5
Mon,F,43.3
Tue,M,55.6
Tue,F,52.2
Wed,M,58.1
Wed,F,54.9
Thu,M,46.7
Thu,F,48.3
Fri,M,72.0
Fri,F,66.5
Sat,M,78.9
Sat,F,74.2
Sun,M,61.8
Sun,F,59.1
